{"N7S/exAHrADzE4FgnCqWsg==":"4-1000x1000.jpg","m8e4fevs/GD3DzXvJ5KJNw==":"%D0%91%D0%B5%D0%B7-%D0%B8%D0%BC%D0%B5%D0%BD%D0%B8-1%D0%BF%D0%BB%D1%82%D0%B2%D0%B0%D0%BB%D0%BF-1000x1000.jpg","1tkLw6MUJhN+GSTVCOD7Kw==":"2-2000x2829.jpg","KLZxu+7+7C8PhR4Yh78FWQ==":"3-2000x2829.jpg","KJrBepk4MqHa07ONU2dhVA==":"%D0%BF%D0%BE%D0%BD%D0%B8%D1%87%D0%B8%D0%BA%20%D0%B4%D1%8B%D1%80%D0%B0-2000x1350.jpg","QNTZG5jByfMH4am753Vgrw==":"elcdswwbub0-969x1080.jpg","pH8b8z634mSUaQCL0bSPbQ==":"%D0%B2%D0%B0%D0%BD%D0%BD%D0%B02-900x527.jpg","shrlfl2EsZJTKVKd5EfVgw==":"jdji2k7oxis-1280x800.jpg","gho4KDEcWlQRw5MGWkat0g==":"%D1%88%D0%B8%D1%841.gif","ykvt4W3N3TPB6xAQ6tzc2Q==":"%D1%88%D0%B8%D1%842.gif","l2SGBwAUdWudolXHVZhfBQ==":"%D1%84%D1%83%D1%82%D0%B1%D0%BE%D0%BB%D0%BA%D0%B01-1200x851.jpg","SwfEhjsgZIJVCHWG+WKc9w==":"%D1%84%D1%83%D1%82%D0%B1%D0%BE%D0%BB%D0%BA%D0%B01-1200x851.jpg","3eIkI8aimpSHI1euQZCm8g==":"%D1%84%D1%83%D1%82%D0%B1%D0%BE%D0%BB%D0%BA%D0%B0211-1200x851.jpg","Hz9avSf4opIlgkRWAZCc+Q==":"%D1%87%D0%B5%D1%85%D0%BE%D0%BB%202-1200x1040.jpg","KhpEHOXmej4Hy82Buaa53A==":"%D1%87%D0%B5%D1%85%D0%BE%D0%BB%201-1200x1040.jpg","WyO7/YbFheRlGPFXlN65yw==":"small%20canvas%20tote%20bag%20mockup-1200x900.jpg","PjIImFT4AfRGgv9OUrN9xg==":"muttststststs-720x1280.jpg","a7YBJAvjnE3uk+C6U3XCig==":"%D0%91%D0%B5%D0%B7%20%D0%B8%D0%BC%D0%B5%D0%BD%D0%B8-1-720x673.jpg","l0w3k3WIJLYZG324MrlnMw==":"%D0%91%D0%B5%D0%B7%20%D0%B8%D0%BC%D0%B5%D0%BD%D0%B8-1-720x673.jpg","NHAEZcET3nbLNUdUIykDdg==":"22222222-1500x1500.jpg","88pYEg/pyaXXG1SAJBJR7Q==":"22222222-1-1500x1500.jpg","s8iBu6S/tpQztrvDQ1WY/A==":"22222222-2-1500x1500.jpg"}